timestamp,ax,ay,az,gx,gy,gz
0.010,0.02,-0.01,0.98,0.12,0.08,-0.04
0.020,0.01,-0.02,0.99,0.10,0.09,-0.05
0.030,0.03,-0.01,0.97,0.15,0.07,-0.03
0.040,0.02,0.00,0.98,0.11,0.08,-0.04
0.050,0.01,-0.01,0.99,0.13,0.09,-0.02
0.060,0.02,-0.02,0.98,0.12,0.08,-0.05
0.070,0.03,-0.01,1.00,0.14,0.07,-0.04
0.080,0.01,0.00,0.97,0.09,0.10,-0.03
0.090,0.02,-0.01,0.98,0.11,0.08,-0.04
0.100,0.02,-0.02,0.99,0.13,0.09,-0.05
0.110,0.01,-0.01,0.98,0.10,0.08,-0.03
0.120,0.03,0.00,0.97,0.12,0.07,-0.04
0.130,0.02,-0.02,0.99,0.14,0.09,-0.05
0.140,0.01,-0.01,0.98,0.11,0.08,-0.03
0.150,0.02,0.00,0.98,0.12,0.08,-0.04